Perda,Acurácia,Perda Transfer,Acurácia Transfer
0.1594330072402954,0.9851083159446716,0.16416388750076294,0.9787906408309937
