Perda,Acurácia,Perda Transfer,Acurácia Transfer
0.009920722804963589,0.9984758496284485,0.03071838617324829,0.9954276084899902
