Perda,Acurácia,Perda Transfer,Acurácia Transfer
0.6931547522544861,0.4952893555164337,0.6314866542816162,0.869448184967041
