Tempo,Tempo Transfer
0:06:10.522776,0:02:28.245359
