Tempo,Tempo Transfer
0:46:33.348558,0:18:37.554882
