Tempo,Tempo Transfer
0:52:14.985158,0:20:57.703328
