epoch,accuracy,loss,val_accuracy,val_loss
0,0.8519576787948608,1.5663939714431763,0.9542784690856934,0.147872194647789
1,0.9102645516395569,0.331106036901474,0.9684076905250549,0.08995191007852554
2,0.9265608191490173,0.1984473466873169,0.9763454794883728,0.07513502985239029
