epoch,accuracy,loss,val_accuracy,val_loss
0,0.48825502395629883,2.8335540294647217,0.47984886169433594,0.739479124546051
1,0.5578858852386475,0.7208030819892883,0.5377833843231201,0.6813345551490784
2,0.5595637559890747,0.6898305416107178,0.6108312606811523,0.6609724164009094
